"","RESDBT","MRTHEL","CCBAL","EDN_INST","VEH_INST","OTHDBT"
"TRUE",0.0168356774010574,0.179537014370862,0.645329215263758,0.71939605798807,0.450777724360359,0.323068002519527
